Title,Link,Img
Barrel - Part 1,,https://imgs.xkcd.com/comics/barrel_cropped_(1).jpg
Petit Trees (sketch),,https://imgs.xkcd.com/comics/tree_cropped_(1).jpg
Island (sketch),,https://imgs.xkcd.com/comics/island_color.jpg
Landscape (sketch),,https://imgs.xkcd.com/comics/landscape_cropped_(1).jpg
Blown apart,,https://imgs.xkcd.com/comics/blownapart_color.jpg
Irony,,https://imgs.xkcd.com/comics/irony_color.jpg
Girl sleeping (Sketch -- 11th grade Spanish class),,https://imgs.xkcd.com/comics/girl_sleeping_noline_(1).jpg
Red spiders,,https://imgs.xkcd.com/comics/red_spiders_small.jpg
Serenity is coming out tomorrow,,https://imgs.xkcd.com/comics/firefly.jpg
Pi Equals,,https://imgs.xkcd.com/comics/pi.jpg
Barrel - Part 2,,https://imgs.xkcd.com/comics/barrel_mommies.jpg
Poisson,,https://imgs.xkcd.com/comics/poisson.jpg
Canyon,,https://imgs.xkcd.com/comics/canyon_small.jpg
Copyright,,https://imgs.xkcd.com/comics/copyright.jpg
Just Alerting You,,https://imgs.xkcd.com/comics/just_alerting_you.jpg
Monty Python -- Enough,,https://imgs.xkcd.com/comics/monty_python.jpg
What If,,https://imgs.xkcd.com/comics/what_if.jpg
Snapple,,https://imgs.xkcd.com/comics/snapple.jpg
George Clinton,,https://imgs.xkcd.com/comics/george_clinton.jpg
Ferret,,https://imgs.xkcd.com/comics/ferret.jpg
Kepler,,https://imgs.xkcd.com/comics/kepler.jpg
Barrel - Part 3,,https://imgs.xkcd.com/comics/barrel_whirlpool.jpg
T-shirts,,https://imgs.xkcd.com/comics/t-shirts.jpg
"Godel, Escher, Kurt Halsey",,https://imgs.xkcd.com/comics/godel_escher_kurthalsey.jpg
Barrel - Part 4,,https://imgs.xkcd.com/comics/barrel_part_4.jpg
Fourier,,https://imgs.xkcd.com/comics/fourier.jpg
Meat Cereals,,https://imgs.xkcd.com/comics/meat_cereals.jpg
Elefino,,https://imgs.xkcd.com/comics/elefino.jpg
Hitler,,https://imgs.xkcd.com/comics/hitler.jpg
Donner,,https://imgs.xkcd.com/comics/donner.jpg
Barrel - Part 5,,https://imgs.xkcd.com/comics/barrel_part_5.jpg
Pillar,,https://imgs.xkcd.com/comics/pillar.jpg
Self-reference,,https://imgs.xkcd.com/comics/self-reference.jpg
Flowers,,https://imgs.xkcd.com/comics/flowers.jpg
Sheep,,https://imgs.xkcd.com/comics/sheep.jpg
Scientists,,https://imgs.xkcd.com/comics/scientists.jpg
Hyphen,,https://imgs.xkcd.com/comics/hyphen.jpg
Apple Jacks,,https://imgs.xkcd.com/comics/apple_jacks.jpg
Bowl,,https://imgs.xkcd.com/comics/bowl.jpg
Light,,https://imgs.xkcd.com/comics/light.jpg
Old Drawing,,https://imgs.xkcd.com/comics/unspeakable_pun.jpg
Geico,,https://imgs.xkcd.com/comics/geico.jpg
Red Spiders 2,,https://imgs.xkcd.com/comics/red_spiders_2.jpg
Love,,https://imgs.xkcd.com/comics/love.jpg
Schrodinger,,https://imgs.xkcd.com/comics/schrodinger.jpg
Secrets,,https://imgs.xkcd.com/comics/secrets.jpg
Counter-Red Spiders,,https://imgs.xkcd.com/comics/counter-red-spiders.jpg
Found,,https://imgs.xkcd.com/comics/found.jpg
Want,,https://imgs.xkcd.com/comics/want.jpg
Penny Arcade,,https://imgs.xkcd.com/comics/penny_arcade.jpg
Malaria,,https://imgs.xkcd.com/comics/malaria.jpg
Secret Worlds,,https://imgs.xkcd.com/comics/secret_worlds.jpg
Hobby,,https://imgs.xkcd.com/comics/hobby.jpg
Science,,https://imgs.xkcd.com/comics/science.jpg
Useless,,https://imgs.xkcd.com/comics/useless.jpg
The Cure,,https://imgs.xkcd.com/comics/the_cure.jpg
Wait For Me,,https://imgs.xkcd.com/comics/wait_for_me.jpg
Why Do You Love Me?,,https://imgs.xkcd.com/comics/why_do_you_love_me.jpg
Graduation,,https://imgs.xkcd.com/comics/graduation.jpg
Super Bowl,,https://imgs.xkcd.com/comics/super_bowl.jpg
Stacey's Dad,,https://imgs.xkcd.com/comics/staceys_dad.jpg
Valentine - Karnaugh,,https://imgs.xkcd.com/comics/karnaugh.jpg
Valentine - Heart,,https://imgs.xkcd.com/comics/valentine.jpg
Solar Plexus,,https://imgs.xkcd.com/comics/solar_plexus.jpg
Banter,,https://imgs.xkcd.com/comics/banter.jpg
Abusive Astronomy,,https://imgs.xkcd.com/comics/abusive_astronomy.jpg
Nerd Girls,,https://imgs.xkcd.com/comics/nerd_girls.jpg
Five Thirty,,https://imgs.xkcd.com/comics/five_thirty.jpg
Pillow Talk,,https://imgs.xkcd.com/comics/pillow_talk.jpg
Guitar Hero,,https://imgs.xkcd.com/comics/guitar_hero.jpg
In the Trees,,https://imgs.xkcd.com/comics/in_the_trees.jpg
Classhole,,https://imgs.xkcd.com/comics/classhole.jpg
Zeppelin,,https://imgs.xkcd.com/comics/zeppelin.jpg
Su Doku,,https://imgs.xkcd.com/comics/su_doku.jpg
Curse Levels,,https://imgs.xkcd.com/comics/curse_levels.jpg
Familiar,,https://imgs.xkcd.com/comics/familiar.jpg
Bored with the Internet,,https://imgs.xkcd.com/comics/bored_with_the_internet.jpg
Garfield,,https://imgs.xkcd.com/comics/garfield.jpg
Iambic Pentameter,,https://imgs.xkcd.com/comics/iambic_pentameter.jpg
My Other Car,,https://imgs.xkcd.com/comics/other_car.jpg
"Attention, shopper",,https://imgs.xkcd.com/comics/attention_shopper.jpg
Frame,,https://imgs.xkcd.com/comics/frame.jpg
Katamari,,https://imgs.xkcd.com/comics/katamari.jpg
National Language,,https://imgs.xkcd.com/comics/national_language.jpg
Paths,,https://imgs.xkcd.com/comics/paths.jpg
Digital Rights Management,,https://imgs.xkcd.com/comics/sony_microsoft_mpaa_riaa_apple.jpg
Velociraptors,,https://imgs.xkcd.com/comics/velociraptors.jpg
Escher Bracelet,,https://imgs.xkcd.com/comics/escher_wristband.jpg
Gravitational Mass,,https://imgs.xkcd.com/comics/gravitational_mass.jpg
Jacket,,https://imgs.xkcd.com/comics/jacket.jpg
Pwned,,https://imgs.xkcd.com/comics/pwned.png
Sunrise,,https://imgs.xkcd.com/comics/sunrise.jpg
Jeremy Irons,,https://imgs.xkcd.com/comics/jeremy_irons.jpg
Profile Creation Flowchart,,https://imgs.xkcd.com/comics/profile_flowchart.jpg
The Sierpinski Penis Game,,https://imgs.xkcd.com/comics/the_sierpinski_penis_game.jpg
Mail,,https://imgs.xkcd.com/comics/mail.png
A Simple Plan,,https://imgs.xkcd.com/comics/a_simple_plan.jpg
Fall Apart,,https://imgs.xkcd.com/comics/fall_apart.jpg
Binary Heart,,https://imgs.xkcd.com/comics/binary_heart.jpg
Family Circus,,https://imgs.xkcd.com/comics/family_circus.jpg
Laser Scope,,https://imgs.xkcd.com/comics/laser_scope.jpg
Back to the Future,,https://imgs.xkcd.com/comics/back_to_the_future.jpg
Moral Relativity,,https://imgs.xkcd.com/comics/moral_relativity.jpg
Find You,,https://imgs.xkcd.com/comics/find_you.jpg
Parallel Universe,,https://imgs.xkcd.com/comics/parallel_universe.jpg
Wright Brothers,,https://imgs.xkcd.com/comics/wright_brothers.png
Snakes on a Plane! 2,,https://imgs.xkcd.com/comics/snakes_on_a_plane_2.jpg
M.C. Hammer Slide,,https://imgs.xkcd.com/comics/mc_hammer_slide.png
Spoiler Alert,,https://imgs.xkcd.com/comics/spoiler_alert.png
Clark Gable,,https://imgs.xkcd.com/comics/clark_gable.jpg
Firefox and Witchcraft - The Connection?,,https://imgs.xkcd.com/comics/firefox_wicca.png
Baring My Heart,,https://imgs.xkcd.com/comics/baring_my_heart.png
Riemann-Zeta,,https://imgs.xkcd.com/comics/riemann-zeta.jpg
Computational Linguists,,https://imgs.xkcd.com/comics/computational_linguists.png
Meerkat,,https://imgs.xkcd.com/comics/meerkat.jpg
City,,https://imgs.xkcd.com/comics/city.jpg
Pong,,https://imgs.xkcd.com/comics/pong.png
50 Ways,,https://imgs.xkcd.com/comics/50_ways.png
Worst Band Name Ever,,https://imgs.xkcd.com/comics/hedgeclipper.jpg
Dating Service,,https://imgs.xkcd.com/comics/dating_service.png
Balloon,,https://imgs.xkcd.com/comics/balloon.png
Quirky Girls,,https://imgs.xkcd.com/comics/quirky_girls.png
